date,habitude_id,note
2025-10-02 18:24:00.706052,habit_002,
2025-10-02 18:24:00.706052,habit_003,
2025-10-02 18:24:00.706052,habit_005,
2025-10-02 18:24:00.706052,habit_007,
2025-10-03 18:24:00.706061,habit_001,
2025-10-03 18:24:00.706061,habit_002,
2025-10-03 18:24:00.706061,habit_003,
2025-10-03 18:24:00.706061,habit_005,
2025-10-03 18:24:00.706061,habit_006,
2025-10-03 18:24:00.706061,habit_007,
2025-10-04 18:24:00.706066,habit_001,
2025-10-04 18:24:00.706066,habit_002,
2025-10-04 18:24:00.706066,habit_003,
2025-10-04 18:24:00.706066,habit_004,
2025-10-04 18:24:00.706066,habit_005,
2025-10-04 18:24:00.706066,habit_006,
2025-10-04 18:24:00.706066,habit_007,
2025-10-05 18:24:00.706068,habit_002,
2025-10-05 18:24:00.706068,habit_005,
2025-10-05 18:24:00.706068,habit_006,
2025-10-05 18:24:00.706068,habit_007,
2025-10-06 18:24:00.706069,habit_003,
2025-10-06 18:24:00.706069,habit_004,
2025-10-06 18:24:00.706069,habit_005,
2025-10-06 18:24:00.706069,habit_006,
2025-10-06 18:24:00.706069,habit_007,
2025-10-07 18:24:00.706071,habit_001,
2025-10-07 18:24:00.706071,habit_002,
2025-10-07 18:24:00.706071,habit_003,
2025-10-07 18:24:00.706071,habit_004,
2025-10-07 18:24:00.706071,habit_005,
2025-10-07 18:24:00.706071,habit_006,
2025-10-07 18:24:00.706071,habit_007,
2025-10-08 18:24:00.706073,habit_001,
2025-10-08 18:24:00.706073,habit_002,
2025-10-08 18:24:00.706073,habit_004,
2025-10-08 18:24:00.706073,habit_005,
2025-10-08 18:24:00.706073,habit_006,
2025-10-08 18:24:00.706073,habit_007,
2025-10-09 18:24:00.706075,habit_001,
2025-10-09 18:24:00.706075,habit_002,
2025-10-09 18:24:00.706075,habit_003,
2025-10-09 18:24:00.706075,habit_004,
2025-10-09 18:24:00.706075,habit_005,
2025-10-09 18:24:00.706075,habit_006,
2025-10-09 18:24:00.706075,habit_007,
2025-10-10 18:24:00.706077,habit_002,
2025-10-10 18:24:00.706077,habit_003,
2025-10-10 18:24:00.706077,habit_004,
2025-10-10 18:24:00.706077,habit_005,
2025-10-10 18:24:00.706077,habit_007,
2025-10-11 18:24:00.706079,habit_001,
2025-10-11 18:24:00.706079,habit_002,
2025-10-11 18:24:00.706079,habit_003,
2025-10-11 18:24:00.706079,habit_004,
2025-10-11 18:24:00.706079,habit_006,
2025-10-11 18:24:00.706079,habit_007,
2025-10-12 18:24:00.706081,habit_002,
2025-10-12 18:24:00.706081,habit_003,
2025-10-12 18:24:00.706081,habit_005,
2025-10-12 18:24:00.706081,habit_007,
2025-10-13 18:24:00.706082,habit_001,
2025-10-13 18:24:00.706082,habit_002,
2025-10-13 18:24:00.706082,habit_003,
2025-10-13 18:24:00.706082,habit_004,
2025-10-13 18:24:00.706082,habit_006,
2025-10-13 18:24:00.706082,habit_007,
2025-10-14 18:24:00.706084,habit_001,
2025-10-14 18:24:00.706084,habit_002,
2025-10-14 18:24:00.706084,habit_003,
2025-10-14 18:24:00.706084,habit_004,
2025-10-14 18:24:00.706084,habit_005,
2025-10-15 18:24:00.706086,habit_001,
2025-10-15 18:24:00.706086,habit_002,
2025-10-15 18:24:00.706086,habit_005,
2025-10-15 18:24:00.706086,habit_006,
2025-10-16 18:24:00.706088,habit_001,
2025-10-16 18:24:00.706088,habit_002,
2025-10-16 18:24:00.706088,habit_003,
2025-10-16 18:24:00.706088,habit_004,
2025-10-16 18:24:00.706088,habit_006,
2025-10-17 18:24:00.706090,habit_001,
2025-10-17 18:24:00.706090,habit_002,
2025-10-17 18:24:00.706090,habit_003,
2025-10-17 18:24:00.706090,habit_004,
2025-10-17 18:24:00.706090,habit_005,
2025-10-17 18:24:00.706090,habit_007,
2025-10-18 18:24:00.706092,habit_001,
2025-10-18 18:24:00.706092,habit_002,
2025-10-18 18:24:00.706092,habit_003,
2025-10-18 18:24:00.706092,habit_006,
2025-10-18 18:24:00.706092,habit_007,
2025-10-19 18:24:00.706093,habit_004,
2025-10-19 18:24:00.706093,habit_006,
2025-10-19 18:24:00.706093,habit_007,
2025-10-20 18:24:00.706095,habit_002,
2025-10-20 18:24:00.706095,habit_006,
2025-10-21 18:24:00.706097,habit_004,
2025-10-21 18:24:00.706097,habit_005,
2025-10-21 18:24:00.706097,habit_006,
2025-10-21 18:24:00.706097,habit_007,
2025-10-22 18:24:00.706099,habit_002,
2025-10-22 18:24:00.706099,habit_003,
2025-10-22 18:24:00.706099,habit_005,
2025-10-22 18:24:00.706099,habit_007,
2025-10-23 18:24:00.706102,habit_002,
2025-10-23 18:24:00.706102,habit_003,
2025-10-23 18:24:00.706102,habit_004,
2025-10-23 18:24:00.706102,habit_005,
2025-10-23 18:24:00.706102,habit_006,
2025-10-23 18:24:00.706102,habit_007,
2025-10-24 18:24:00.706104,habit_001,
2025-10-24 18:24:00.706104,habit_002,
2025-10-24 18:24:00.706104,habit_003,
2025-10-24 18:24:00.706104,habit_004,
2025-10-24 18:24:00.706104,habit_006,
2025-10-25 18:24:00.706106,habit_004,
2025-10-25 18:24:00.706106,habit_005,
2025-10-25 18:24:00.706106,habit_007,
2025-10-26 18:24:00.706108,habit_001,
2025-10-26 18:24:00.706108,habit_002,
2025-10-26 18:24:00.706108,habit_003,
2025-10-26 18:24:00.706108,habit_004,
2025-10-26 18:24:00.706108,habit_006,
2025-10-26 18:24:00.706108,habit_007,
2025-10-27 18:24:00.706109,habit_002,
2025-10-27 18:24:00.706109,habit_003,
2025-10-27 18:24:00.706109,habit_004,
2025-10-27 18:24:00.706109,habit_005,
2025-10-27 18:24:00.706109,habit_006,
2025-10-27 18:24:00.706109,habit_007,
2025-10-28 18:24:00.706111,habit_001,
2025-10-28 18:24:00.706111,habit_002,
2025-10-28 18:24:00.706111,habit_003,
2025-10-28 18:24:00.706111,habit_004,
2025-10-28 18:24:00.706111,habit_007,
2025-10-29 18:24:00.706113,habit_002,
2025-10-29 18:24:00.706113,habit_005,
2025-10-29 18:24:00.706113,habit_006,
2025-10-29 18:24:00.706113,habit_007,
2025-10-30 18:24:00.706115,habit_001,
2025-10-30 18:24:00.706115,habit_002,
2025-10-30 18:24:00.706115,habit_003,
2025-10-30 18:24:00.706115,habit_004,
2025-10-30 18:24:00.706115,habit_006,
2025-10-30 18:24:00.706115,habit_007,
2025-10-31 18:24:00.706117,habit_002,
2025-10-31 18:24:00.706117,habit_005,
2025-10-31 18:24:00.706117,habit_007,
